ID,Obverse Copyright,Obverse License,Obverse Picture,Reverse Copyright,Reverse License,Reverse Picture,Issuer
20244,tolnomur,CC BY-NC-SA,https://en.numista.com/catalogue/photos/albanie/5f459aa7a33b62.27764339-original.jpg,tolnomur,CC BY-NC-SA,https://en.numista.com/catalogue/photos/albanie/5f459aa80e47d2.89080430-original.jpg,Albania
6753,tolnomur,CC BY-NC-SA,https://en.numista.com/catalogue/photos/andorre/5ef671a7708e29.44293862-original.jpg,tolnomur,CC BY-NC-SA,https://en.numista.com/catalogue/photos/andorre/5ef671a7e78074.93128724-original.jpg,Andorra
6754,tolnomur,CC BY-NC-SA,https://en.numista.com/catalogue/photos/andorre/5f463b2985e2a7.56923662-original.jpg,tolnomur,CC BY-NC-SA,https://en.numista.com/catalogue/photos/andorre/5f463b29d3d665.48243570-original.jpg,Andorra
6755,tolnomur,CC BY-NC-SA,https://en.numista.com/catalogue/photos/andorre/5f4642b09045d6.02660188-original.jpg,tolnomur,CC BY-NC-SA,https://en.numista.com/catalogue/photos/andorre/5f4642b1059b46.75520801-original.jpg,Andorra
13696,tolnomur,CC BY-NC-SA,https://en.numista.com/catalogue/photos/andorre/62534a3973f973.33044452-original.jpg,tolnomur,CC BY-NC-SA,https://en.numista.com/catalogue/photos/andorre/62534a39d86fb6.25607537-original.jpg,Andorra
28381,,CC BY-NC,https://en.numista.com/catalogue/photos/andorre/6086acabcf3216.48963416-original.jpg,,CC BY-NC,https://en.numista.com/catalogue/photos/andorre/6086acac1ccd17.15459140-original.jpg,Andorra
43263,gvaicika,CC BY-NC-SA,https://en.numista.com/catalogue/photos/argentine/1563-original.jpg,gvaicika,CC BY-NC-SA,https://en.numista.com/catalogue/photos/argentine/1564-original.jpg,Argentina
6727,Ben-jamin,CC0,https://en.numista.com/catalogue/photos/armenie/5f90fce13ce492.97421314-original.jpg,Ben-jamin,CC0,https://en.numista.com/catalogue/photos/armenie/5f90fce1a5f8d5.38728696-original.jpg,Armenia
161175,Mike Bentley,CC BY-NC,https://en.numista.com/catalogue/photos/australie/9056-original.jpg,Mike Bentley,CC BY-NC,https://en.numista.com/catalogue/photos/australie/9057-original.jpg,Australia
167591,Mike Bentley,CC BY-NC,https://en.numista.com/catalogue/photos/australie/9058-original.jpg,Mike Bentley,CC BY-NC,https://en.numista.com/catalogue/photos/australie/9059-original.jpg,Australia
1566,brismike,CC BY-NC,https://en.numista.com/catalogue/photos/australie/65c4cbb57eb274.30709594-original.jpg,brismike,CC BY-NC,https://en.numista.com/catalogue/photos/australie/65c4cbb6bf6869.92288849-original.jpg,Australia
32195,Mike Bentley,CC BY-NC,https://en.numista.com/catalogue/photos/australie/8231-original.jpg,Mike Bentley,CC BY-NC,https://en.numista.com/catalogue/photos/australie/8232-original.jpg,Australia
167593,Mike Bentley,CC BY-NC,https://en.numista.com/catalogue/photos/australie/9060-original.jpg,Mike Bentley,CC BY-NC,https://en.numista.com/catalogue/photos/australie/9061-original.jpg,Australia
225419,Mike Bentley,CC BY-NC,https://en.numista.com/catalogue/photos/australie/5f0eaf4c97edb0.40303604-original.jpg,Mike Bentley,CC BY-NC,https://en.numista.com/catalogue/photos/australie/5f0eaf4d2552d0.23648086-original.jpg,Australia
1565,brismike,CC BY-NC,https://en.numista.com/catalogue/photos/australie/65924dded9cc41.92291264-original.jpg,brismike,CC BY-NC,https://en.numista.com/catalogue/photos/australie/65924de02963b9.27754966-original.jpg,Australia
167502,Mike Bentley,CC BY-NC,https://en.numista.com/catalogue/photos/australie/8233-original.jpg,Mike Bentley,CC BY-NC,https://en.numista.com/catalogue/photos/australie/8234-original.jpg,Australia
167594,Mike Bentley,CC BY-NC,https://en.numista.com/catalogue/photos/australie/9063-original.jpg,Mike Bentley,CC BY-NC,https://en.numista.com/catalogue/photos/australie/9064-original.jpg,Australia
225421,Mike Bentley,CC BY-NC,https://en.numista.com/catalogue/photos/australie/5f0eb068b6ac33.81603433-original.jpg,Mike Bentley,CC BY-NC,https://en.numista.com/catalogue/photos/australie/5f0eb0694b4814.65410636-original.jpg,Australia
126671,Mike Bentley,CC BY-NC,https://en.numista.com/catalogue/photos/australie/7844-original.jpg,Mike Bentley,CC BY-NC,https://en.numista.com/catalogue/photos/australie/7845-original.jpg,Australia
7320,Mike Bentley,CC BY-NC,https://en.numista.com/catalogue/photos/australie/5e28525bdb4519.28635332-original.jpg,Mike Bentley,CC BY-NC,https://en.numista.com/catalogue/photos/australie/5e28525c8a1d32.24685977-original.jpg,Australia
173830,Mike Bentley,CC BY-NC,https://en.numista.com/catalogue/photos/australie/8504-original.jpg,Mike Bentley,CC BY-NC,https://en.numista.com/catalogue/photos/australie/8505-original.jpg,Australia
167596,Mike Bentley,CC BY-NC,https://en.numista.com/catalogue/photos/australie/9066-original.jpg,Mike Bentley,CC BY-NC,https://en.numista.com/catalogue/photos/australie/9067-original.jpg,Australia
225435,Mike Bentley,CC BY-NC,https://en.numista.com/catalogue/photos/australie/5f0eb0e20c6492.41732359-original.jpg,Mike Bentley,CC BY-NC,https://en.numista.com/catalogue/photos/australie/5f0eb0e29a6e72.69744699-original.jpg,Australia
307395,brismike,CC BY-NC,https://en.numista.com/catalogue/photos/australie/65be5cc17c7ff9.23649744-original.jpg,brismike,CC BY-NC,https://en.numista.com/catalogue/photos/australie/65be5cc2dc2a77.27715642-original.jpg,Australia
3140,brismike,CC BY-NC,https://en.numista.com/catalogue/photos/australie/65b2079a73af54.88725164-original.jpg,brismike,CC BY-NC,https://en.numista.com/catalogue/photos/australie/65b2079c22d5c2.61469702-original.jpg,Australia
8327,brismike,CC BY-NC,https://en.numista.com/catalogue/photos/australie/65b272ddca97a3.83325007-original.jpg,brismike,CC BY-NC,https://en.numista.com/catalogue/photos/australie/65b272dfbae489.45032680-original.jpg,Australia
47907,Mike Bentley,CC BY-NC,https://en.numista.com/catalogue/photos/australie/5fbf47b6e82517.93836861-original.jpg,Mike Bentley,CC BY-NC,https://en.numista.com/catalogue/photos/australie/5fbf4289e870f6.23734730-original.jpg,Australia
6434,Mike Bentley,CC BY-NC,https://en.numista.com/catalogue/photos/australie/10814-original.jpg,Mike Bentley,CC BY-NC,https://en.numista.com/catalogue/photos/australie/10815-original.jpg,Australia
173831,Mike Bentley,CC BY-NC,https://en.numista.com/catalogue/photos/australie/8501-original.jpg,Mike Bentley,CC BY-NC,https://en.numista.com/catalogue/photos/australie/8502-original.jpg,Australia
66273,Mike Bentley,CC BY-NC,https://en.numista.com/catalogue/photos/australie/8875-original.jpg,Mike Bentley,CC BY-NC,https://en.numista.com/catalogue/photos/australie/8876-original.jpg,Australia
175065,Mike Bentley,CC BY-NC,https://en.numista.com/catalogue/photos/australie/8872-original.jpg,Mike Bentley,CC BY-NC,https://en.numista.com/catalogue/photos/australie/8873-original.jpg,Australia
71381,Mike Bentley,CC BY-NC,https://en.numista.com/catalogue/photos/australie/8235-original.jpg,Mike Bentley,CC BY-NC,https://en.numista.com/catalogue/photos/australie/8236-original.jpg,Australia
167600,Mike Bentley,CC BY-NC,https://en.numista.com/catalogue/photos/australie/9068-original.jpg,Mike Bentley,CC BY-NC,https://en.numista.com/catalogue/photos/australie/9069-original.jpg,Australia
96382,Mike Bentley,CC BY-NC,https://en.numista.com/catalogue/photos/australie/10495-original.jpg,Mike Bentley,CC BY-NC,https://en.numista.com/catalogue/photos/australie/10572-original.jpg,Australia
225441,Mike Bentley,CC BY-NC,https://en.numista.com/catalogue/photos/australie/5f0eb16007d899.15307484-original.jpg,Mike Bentley,CC BY-NC,https://en.numista.com/catalogue/photos/australie/5f0eb160925360.87278291-original.jpg,Australia
128492,Uni,CC BY-NC,https://en.numista.com/catalogue/photos/australie/8629-original.jpg,Uni,CC BY-NC,https://en.numista.com/catalogue/photos/australie/8630-original.jpg,Australia
19372,Mike Bentley,CC BY-NC,https://en.numista.com/catalogue/photos/australie/7812-original.jpg,Mike Bentley,CC BY-NC,https://en.numista.com/catalogue/photos/australie/7813-original.jpg,Australia
17363,Mike Bentley,CC BY-NC,https://en.numista.com/catalogue/photos/australie/7810-original.jpg,Mike Bentley,CC BY-NC,https://en.numista.com/catalogue/photos/australie/7811-original.jpg,Australia
15416,Mike Bentley,CC BY-NC,https://en.numista.com/catalogue/photos/australie/7822-original.jpg,Mike Bentley,CC BY-NC,https://en.numista.com/catalogue/photos/australie/7823-original.jpg,Australia
73409,brismike,CC BY-NC,https://en.numista.com/catalogue/photos/australie/65b3b33f7ffdc0.02021916-original.jpg,brismike,CC BY-NC,https://en.numista.com/catalogue/photos/australie/65b3b340ee1589.29122757-original.jpg,Australia
163098,Mike Bentley,CC BY-NC,https://en.numista.com/catalogue/photos/australie/7820-original.jpg,Mike Bentley,CC BY-NC,https://en.numista.com/catalogue/photos/australie/7821-original.jpg,Australia
11581,Mike Bentley,CC BY-NC,https://en.numista.com/catalogue/photos/australie/5e3ba6d06577d3.53339956-original.jpg,Mike Bentley,CC BY-NC,https://en.numista.com/catalogue/photos/australie/5e3ba6d11f2992.39222371-original.jpg,Australia
19374,brismike,CC BY-NC,https://en.numista.com/catalogue/photos/australie/65365dc664a5a5.29740269-original.jpg,brismike,CC BY-NC,https://en.numista.com/catalogue/photos/australie/65365dc7a917f2.90338613-original.jpg,Australia
79727,,CC BY-NC,https://en.numista.com/catalogue/photos/australie/5ea6f490572f09.75740655-original.jpg,,CC BY-NC,https://en.numista.com/catalogue/photos/australie/5ea6f490ab0e53.59984816-original.jpg,Australia
19373,Mike Bentley,CC BY-NC,https://en.numista.com/catalogue/photos/australie/5e3b822112d8f6.25182870-original.jpg,Mike Bentley,CC BY-NC,https://en.numista.com/catalogue/photos/australie/5e3b8221789754.39319965-original.jpg,Australia
165576,Mike Bentley,CC BY-NC,https://en.numista.com/catalogue/photos/australie/7999-original.jpg,Mike Bentley,CC BY-NC,https://en.numista.com/catalogue/photos/australie/8000-original.jpg,Australia
166369,Mike Bentley,CC BY-NC,https://en.numista.com/catalogue/photos/australie/9071-original.jpg,Mike Bentley,CC BY-NC,https://en.numista.com/catalogue/photos/australie/9072-original.jpg,Australia
60278,Mike Bentley,CC BY-NC,https://en.numista.com/catalogue/photos/australie/5e4546d983eac0.25208371-original.jpg,Mike Bentley,CC BY-NC,https://en.numista.com/catalogue/photos/australie/5e4546da22cf74.13033886-original.jpg,Australia
225455,Mike Bentley,CC BY-NC,https://en.numista.com/catalogue/photos/australie/5f0eb20d3e08b0.78283846-original.jpg,Mike Bentley,CC BY-NC,https://en.numista.com/catalogue/photos/australie/5f0eb20dc61eb7.03872089-original.jpg,Australia
5213,brismike,CC BY-NC,https://en.numista.com/catalogue/photos/australie/65fdac05e935b4.84643416-original.jpg,brismike,CC BY-NC,https://en.numista.com/catalogue/photos/australie/65fdac078db794.93568283-original.jpg,Australia
94375,,CC BY-NC,https://en.numista.com/catalogue/photos/australie/5f349ec10fcda8.23836531-original.jpg,,CC BY-NC,https://en.numista.com/catalogue/photos/australie/5f349ec1648481.93590196-original.jpg,Australia
167398,Mike Bentley,CC BY-NC,https://en.numista.com/catalogue/photos/australie/8229-original.jpg,Mike Bentley,CC BY-NC,https://en.numista.com/catalogue/photos/australie/8230-original.jpg,Australia
167607,Mike Bentley,CC BY-NC,https://en.numista.com/catalogue/photos/australie/9073-original.jpg,Mike Bentley,CC BY-NC,https://en.numista.com/catalogue/photos/australie/9074-original.jpg,Australia
225459,Mike Bentley,CC BY-NC,https://en.numista.com/catalogue/photos/australie/5f0eb2aa5caa24.68994946-original.jpg,Mike Bentley,CC BY-NC,https://en.numista.com/catalogue/photos/australie/5f0eb2aac52ec3.58580006-original.jpg,Australia
19413,Mike Bentley,CC BY-NC,https://en.numista.com/catalogue/photos/australie/10873-original.jpg,Mike Bentley,CC BY-NC,https://en.numista.com/catalogue/photos/australie/10874-original.jpg,Australia
379199,brismike,CC BY-NC,https://en.numista.com/catalogue/photos/australie/65b4b3719cdd43.10086479-original.jpg,brismike,CC BY-NC,https://en.numista.com/catalogue/photos/australie/65b4b3736c14e1.40010115-original.jpg,Australia
233997,,CC BY-NC,https://en.numista.com/catalogue/photos/australie/5f43b79a8d23f9.47810035-original.jpg,,CC BY-NC,https://en.numista.com/catalogue/photos/australie/5f43b79ad39a95.95950054-original.jpg,Australia
143830,,CC BY-NC,https://en.numista.com/catalogue/photos/australie/5e7c7e5e81fce1.39746514-original.jpg,,CC BY-NC,https://en.numista.com/catalogue/photos/australie/5e7c7e5eda8bc4.33328635-original.jpg,Australia
83631,,CC BY-NC,https://en.numista.com/catalogue/photos/australie/5e9550c83200f9.35105517-original.jpg,,CC BY-NC,https://en.numista.com/catalogue/photos/australie/5e9550c8559704.59514683-original.jpg,Australia
214893,,CC BY-NC,https://en.numista.com/catalogue/photos/australie/5ebd13bf533ef6.81067164-original.jpg,,CC BY-NC,https://en.numista.com/catalogue/photos/australie/5ebd13bf6eb261.51566792-original.jpg,Australia
57,Mike Bentley,CC BY-NC,https://en.numista.com/catalogue/photos/autriche/62ca843026f837.34117868-original.jpg,Mike Bentley,CC BY-NC,https://en.numista.com/catalogue/photos/autriche/62ca843116f7d5.49400449-original.jpg,Austria
58,Mike Bentley,CC BY-NC,https://en.numista.com/catalogue/photos/autriche/621339f8972019.30788998-original.jpg,Mike Bentley,CC BY-NC,https://en.numista.com/catalogue/photos/autriche/621339f98e9cc9.26512080-original.jpg,Austria
59,brismike,CC BY-NC,https://en.numista.com/catalogue/photos/autriche/654246f0796620.35756162-original.jpg,brismike,CC BY-NC,https://en.numista.com/catalogue/photos/autriche/654246f20323c1.54152797-original.jpg,Austria
61,Florino28,CC BY-NC-SA,https://en.numista.com/catalogue/photos/autriche/939-original.jpg,Florino28,CC BY-NC-SA,https://en.numista.com/catalogue/photos/autriche/940-original.jpg,Austria
62,Mike Bentley,CC BY-NC,https://en.numista.com/catalogue/photos/autriche/605d6911ed1267.26686198-original.jpg,Mike Bentley,CC BY-NC,https://en.numista.com/catalogue/photos/autriche/605d6912847744.50550504-original.jpg,Austria
63,Mike Bentley,CC BY-NC,https://en.numista.com/catalogue/photos/autriche/6054b75246f966.89678113-original.jpg,Mike Bentley,CC BY-NC,https://en.numista.com/catalogue/photos/autriche/6054b752daced7.65683680-original.jpg,Austria
64,Mike Bentley,CC BY-NC,https://en.numista.com/catalogue/photos/autriche/612b57d586e444.07957554-original.jpg,Mike Bentley,CC BY-NC,https://en.numista.com/catalogue/photos/autriche/612b57d61a27c2.50126084-original.jpg,Austria
23639,,CC BY-NC,https://en.numista.com/catalogue/photos/autriche/602ff35a1fcf14.26285405-original.jpg,,CC BY-NC,https://en.numista.com/catalogue/photos/autriche/602ff35ac8a7c9.32108770-original.jpg,Austria
101051,,CC BY-NC,https://en.numista.com/catalogue/photos/haut-karabagh/63e9ca3d68a162.49521904-original.jpg,,CC BY-NC,https://en.numista.com/catalogue/photos/haut-karabagh/63e9ca3d99fff6.40667725-original.jpg,Artsakh
917,Ponpandi Perumal,CC BY,https://en.numista.com/catalogue/photos/barbade/5f0a007313c232.28522835-original.jpg,Ponpandi Perumal,CC BY,https://en.numista.com/catalogue/photos/barbade/5f0a0073cdc195.32131469-original.jpg,Barbados
48969,tolnomur,CC BY-NC-SA,https://en.numista.com/catalogue/photos/bielorussie/626d999aba7ab0.98226371-original.jpg,tolnomur,CC BY-NC-SA,https://en.numista.com/catalogue/photos/bielorussie/626d999b295388.78634495-original.jpg,Belarus
28800,tolnomur,CC BY-NC-SA,https://en.numista.com/catalogue/photos/bielorussie/626d9a30ee31f7.78578958-original.jpg,tolnomur,CC BY-NC-SA,https://en.numista.com/catalogue/photos/bielorussie/626d9a31633502.83534165-original.jpg,Belarus
73,Mike Bentley,CC BY-NC,https://en.numista.com/catalogue/photos/belgique/61f90964c1b165.14171227-original.jpg,Mike Bentley,CC BY-NC,https://en.numista.com/catalogue/photos/belgique/61f9096597aca4.76643749-original.jpg,Belgium
78,Mike Bentley,CC BY-NC,https://en.numista.com/catalogue/photos/belgique/61f95162d95f66.83568577-original.jpg,Mike Bentley,CC BY-NC,https://en.numista.com/catalogue/photos/belgique/61f95163bcd270.19204610-original.jpg,Belgium
74,Mike Bentley,CC BY-NC,https://en.numista.com/catalogue/photos/belgique/61fde21a83e7b0.77023192-original.jpg,Mike Bentley,CC BY-NC,https://en.numista.com/catalogue/photos/belgique/61fde21b82e9f5.76970017-original.jpg,Belgium
79,moi4992,CC BY-NC-SA,https://en.numista.com/catalogue/photos/belgique/3168-original.jpg,moi4992,CC BY-NC-SA,https://en.numista.com/catalogue/photos/belgique/3169-original.jpg,Belgium
76,Mike Bentley,CC BY-NC,https://en.numista.com/catalogue/photos/belgique/605d6a136bc2f3.10150438-original.jpg,Mike Bentley,CC BY-NC,https://en.numista.com/catalogue/photos/belgique/605d6a140758b0.47306112-original.jpg,Belgium
77,moi4992,CC BY-NC-SA,https://en.numista.com/catalogue/photos/belgique/2420-original.jpg,moi4992,CC BY-NC-SA,https://en.numista.com/catalogue/photos/belgique/2421-original.jpg,Belgium
80,Mike Bentley,CC BY-NC,https://en.numista.com/catalogue/photos/belgique/612b5a2015a697.68208411-original.jpg,Mike Bentley,CC BY-NC,https://en.numista.com/catalogue/photos/belgique/612b5a20a44332.51104975-original.jpg,Belgium
21905,,CC BY-NC,https://en.numista.com/catalogue/photos/belgique/6086afc88f1357.25987184-original.jpg,,CC BY-NC,https://en.numista.com/catalogue/photos/belgique/6086afc8cebbd7.70541040-original.jpg,Belgium
2238,Numista,CC BY,https://en.numista.com/catalogue/photos/belize_period/6538e120ba1bc9.24660968-original.jpg,Numista,CC BY,https://en.numista.com/catalogue/photos/belize_period/6538e121264759.82810355-original.jpg,Belize
1049,Rogbert,CC BY-NC,https://en.numista.com/catalogue/photos/bresil/6415b3e476a003.71121194-original.jpg,Rogbert,CC BY-NC,https://en.numista.com/catalogue/photos/bresil/6415b3e527e237.08405048-original.jpg,Brazil
2253,Rogbert,CC BY-NC,https://en.numista.com/catalogue/photos/bresil/6415b4c0a6da96.46073896-original.jpg,Rogbert,CC BY-NC,https://en.numista.com/catalogue/photos/bresil/6415b4c18b1fc0.64531988-original.jpg,Brazil
2252,Numista,CC BY,https://en.numista.com/catalogue/photos/bresil/39-original.jpg,Numista,CC BY,https://en.numista.com/catalogue/photos/bresil/40-original.jpg,Brazil
666,Monéphil,CC BY-NC,https://en.numista.com/catalogue/photos/bresil/1481-original.jpg,Monéphil,CC BY-NC,https://en.numista.com/catalogue/photos/bresil/1482-original.jpg,Brazil
3198,Rogbert,CC BY-NC,https://en.numista.com/catalogue/photos/bresil/6415b2f8802d85.91753552-original.jpg,Rogbert,CC BY-NC,https://en.numista.com/catalogue/photos/bresil/6415b2f9764ed7.31355629-original.jpg,Brazil
8896,Rogbert,CC BY-NC,https://en.numista.com/catalogue/photos/bresil/6415b67398cc93.94235770-original.jpg,Rogbert,CC BY-NC,https://en.numista.com/catalogue/photos/bresil/6415b674c4fe24.52982882-original.jpg,Brazil
37680,Julio F. Campos Jr.,CC BY-NC-SA,https://en.numista.com/catalogue/photos/bresil/62ab446f134735.62848679-original.jpg,Julio F. Campos Jr.,CC BY-NC-SA,https://en.numista.com/catalogue/photos/bresil/62ab446f5ae3a4.69810482-original.jpg,Brazil
37681,Rogbert,CC BY-NC,https://en.numista.com/catalogue/photos/bresil/6414a6b52a0ce5.35211234-original.jpg,Rogbert,CC BY-NC,https://en.numista.com/catalogue/photos/bresil/6414a6b5a63a17.09012838-original.jpg,Brazil
4387,Ben-jamin,CC0,https://en.numista.com/catalogue/photos/burundi/5f87a976495c04.99212553-original.jpg,Ben-jamin,CC0,https://en.numista.com/catalogue/photos/burundi/5f87a976f19bf2.10186070-original.jpg,Burundi
155562,HsG,CC BY-SA,https://en.numista.com/catalogue/photos/canada/9273-original.jpg,HsG,CC BY-SA,https://en.numista.com/catalogue/photos/canada/9274-original.jpg,Canada
9106,Monéphil,CC BY-NC,https://en.numista.com/catalogue/photos/canada/2317-original.jpg,Monéphil,CC BY-NC,https://en.numista.com/catalogue/photos/canada/2318-original.jpg,Canada
396,Monéphil,CC BY-NC,https://en.numista.com/catalogue/photos/canada/5e1cce7968ed08.97842865-original.jpg,Monéphil,CC BY-NC,https://en.numista.com/catalogue/photos/canada/5e1cce7a4dbd35.52323135-original.jpg,Canada
48703,bbybugs,CC BY-NC-SA,https://en.numista.com/catalogue/photos/canada/7026-original.jpg,bbybugs,CC BY-NC-SA,https://en.numista.com/catalogue/photos/canada/7027-original.jpg,Canada
4216,Monéphil,CC BY-NC,https://en.numista.com/catalogue/photos/canada/8107-original.jpg,Monéphil,CC BY-NC,https://en.numista.com/catalogue/photos/canada/8108-original.jpg,Canada
38181,Monéphil,CC BY-NC,https://en.numista.com/catalogue/photos/canada/2323-original.jpg,Monéphil,CC BY-NC,https://en.numista.com/catalogue/photos/canada/2324-original.jpg,Canada
326,Monéphil,CC BY-NC,https://en.numista.com/catalogue/photos/canada/3126-original.jpg,Monéphil,CC BY-NC,https://en.numista.com/catalogue/photos/canada/3127-original.jpg,Canada
38182,Monéphil,CC BY-NC,https://en.numista.com/catalogue/photos/canada/2325-original.jpg,Monéphil,CC BY-NC,https://en.numista.com/catalogue/photos/canada/2326-original.jpg,Canada
444,Monéphil,CC BY-NC,https://en.numista.com/catalogue/photos/canada/8224-original.jpg,Monéphil,CC BY-NC,https://en.numista.com/catalogue/photos/canada/8225-original.jpg,Canada
1882,chrme tibanu,CC BY-NC-SA,https://en.numista.com/catalogue/photos/canada/64be0ed62f9837.87543167-original.jpg,chrme tibanu,CC BY-NC-SA,https://en.numista.com/catalogue/photos/canada/6429ed6de3ed05.62201617-original.jpg,Canada
98173,bbybugs,CC BY-NC-SA,https://en.numista.com/catalogue/photos/canada/6710-original.jpg,bbybugs,CC BY-NC-SA,https://en.numista.com/catalogue/photos/canada/6711-original.jpg,Canada
166609,MesBedes,CC BY-NC-SA,https://en.numista.com/catalogue/photos/canada/9122-original.jpg,MesBedes,CC BY-NC-SA,https://en.numista.com/catalogue/photos/canada/9123-original.jpg,Canada
111739,bbybugs,CC BY-NC-SA,https://en.numista.com/catalogue/photos/canada/7305-original.jpg,bbybugs,CC BY-NC-SA,https://en.numista.com/catalogue/photos/canada/7306-original.jpg,Canada
31430,Ctucker,CC BY,https://en.numista.com/catalogue/photos/canada/7554-original.jpg,Ctucker,CC BY,https://en.numista.com/catalogue/photos/canada/7555-original.jpg,Canada
467,tolnomur,CC BY-NC-SA,https://en.numista.com/catalogue/photos/canada/5efe1584067b78.03396324-original.jpg,tolnomur,CC BY-NC-SA,https://en.numista.com/catalogue/photos/canada/5efe158469ab24.29491697-original.jpg,Canada
358949,Emanuel de Matos,CC BY-NC,https://en.numista.com/catalogue/photos/canada/64107ef403e795.10002083-original.jpg,Emanuel de Matos,CC BY-NC,https://en.numista.com/catalogue/photos/canada/64107ef4903d27.18905353-original.jpg,Canada
38183,Monéphil,CC BY-NC,https://en.numista.com/catalogue/photos/canada/2327-original.jpg,Monéphil,CC BY-NC,https://en.numista.com/catalogue/photos/canada/2328-original.jpg,Canada
476,Monéphil,CC BY-NC,https://en.numista.com/catalogue/photos/canada/3136-original.jpg,Monéphil,CC BY-NC,https://en.numista.com/catalogue/photos/canada/3137-original.jpg,Canada
479,Monéphil,CC BY-NC,https://en.numista.com/catalogue/photos/canada/3222-original.jpg,Monéphil,CC BY-NC,https://en.numista.com/catalogue/photos/canada/3223-original.jpg,Canada
6735,layflags,CC0,https://en.numista.com/catalogue/photos/canada/62add7aa3c73f9.93637096-original.jpg,layflags,CC0,https://en.numista.com/catalogue/photos/canada/62add7aab2a0d6.59115723-original.jpg,Canada
355971,jdog2004g,CC BY-NC-SA,https://en.numista.com/catalogue/photos/canada/63ed333ca8b0e6.50823084-original.jpg,jdog2004g,CC BY-NC-SA,https://en.numista.com/catalogue/photos/canada/63ed333d50db69.30177795-original.jpg,Canada
268122,PA-ENGINEER,CC0,https://en.numista.com/catalogue/photos/canada/60290700656800.38097221-original.jpg,PA-ENGINEER,CC0,https://en.numista.com/catalogue/photos/canada/60290700a8b7f6.61401354-original.jpg,Canada
235213,Emanuel de Matos,CC BY-NC,https://en.numista.com/catalogue/photos/canada/5f5b4658975266.35381152-original.jpg,Emanuel de Matos,CC BY-NC,https://en.numista.com/catalogue/photos/canada/5f5b46594bccb4.64982116-original.jpg,Canada
323845,Emanuel de Matos,CC BY-NC,https://en.numista.com/catalogue/photos/canada/623cae3debb6f6.79556155-original.jpg,Emanuel de Matos,CC BY-NC,https://en.numista.com/catalogue/photos/canada/623cae3e4a71f3.97904846-original.jpg,Canada
274342,Dazhbog II,CC BY,https://en.numista.com/catalogue/photos/canada/602e4359349140.44881856-original.jpg,Dazhbog II,CC BY,https://en.numista.com/catalogue/photos/canada/602e435aabf5a4.81180874-original.jpg,Canada
2860,tolnomur,CC BY-NC-SA,https://en.numista.com/catalogue/photos/beac/5ef0aaf6923cc1.97389744-original.jpg,tolnomur,CC BY-NC-SA,https://en.numista.com/catalogue/photos/beac/5ef0aaf6d21926.18681682-original.jpg,Central African States
1805,Numista,CC BY,https://en.numista.com/catalogue/photos/beac/5-original.jpg,Numista,CC BY,https://en.numista.com/catalogue/photos/beac/6-original.jpg,Central African States
339106,Christopher Li,CC BY-NC-SA,https://en.numista.com/catalogue/photos/south_dynasties_china/6319807f1a4706.72935873-original.jpg,Christopher Li,CC BY-NC-SA,https://en.numista.com/catalogue/photos/south_dynasties_china/6319807f93c7b4.02716596-original.jpg,Southern dynasties
1704,Numista,CC BY,https://en.numista.com/catalogue/photos/chine/28-original.jpg,Numista,CC BY,https://en.numista.com/catalogue/photos/chine/29-original.jpg,China
1222,Numista,CC BY,https://en.numista.com/catalogue/photos/chine/16-original.jpg,Numista,CC BY,https://en.numista.com/catalogue/photos/chine/17-original.jpg,China
1588,Numista,CC BY,https://en.numista.com/catalogue/photos/chine/18-original.jpg,Numista,CC BY,https://en.numista.com/catalogue/photos/chine/19-original.jpg,China
13890,tolnomur,CC BY-NC-SA,https://en.numista.com/catalogue/photos/chine/5fd36f5e6ad1d7.02891505-original.jpg,tolnomur,CC BY-NC-SA,https://en.numista.com/catalogue/photos/chine/5fd36f5f240ee4.18745588-original.jpg,China
96102,,CC0,https://en.numista.com/catalogue/photos/macao/449-original.jpg,,CC0,https://en.numista.com/catalogue/photos/macao/426-original.jpg,Macau
96162,A. Monge da Silva,CC0,https://en.numista.com/catalogue/photos/macao/447-original.jpg,,CC0,https://en.numista.com/catalogue/photos/macao/448-original.jpg,Macau
96120,,CC0,https://en.numista.com/catalogue/photos/macao/580-original.jpg,,CC0,https://en.numista.com/catalogue/photos/macao/583-original.jpg,Macau
96126,,CC0,https://en.numista.com/catalogue/photos/macao/581-original.jpg,,CC0,https://en.numista.com/catalogue/photos/macao/584-original.jpg,Macau
96127,,CC0,https://en.numista.com/catalogue/photos/macao/423-original.jpg,,CC0,https://en.numista.com/catalogue/photos/macao/424-original.jpg,Macau
96139,,CC0,https://en.numista.com/catalogue/photos/macao/504-original.jpg,,CC0,https://en.numista.com/catalogue/photos/macao/505-original.jpg,Macau
327270,Vandão,CC0,https://en.numista.com/catalogue/photos/democratic_republic_congo_period/653ab98dc3c3e5.43314841-original.jpg,Vandão,CC0,https://en.numista.com/catalogue/photos/democratic_republic_congo_period/653ab98dd29e52.38596872-original.jpg,Democratic Republic of the Congo
390130,oolong790,CC BY-SA,https://en.numista.com/catalogue/photos/democratic_republic_congo_period/65968dfacbf2d4.09902081-original.jpg,oolong790,CC BY-SA,https://en.numista.com/catalogue/photos/democratic_republic_congo_period/65968dfb51f088.92516467-original.jpg,Democratic Republic of the Congo
87157,coinman1,CC BY,https://en.numista.com/catalogue/photos/democratic_republic_congo_period/653ab998c626a8.92045807-original.jpg,coinman1,CC BY,https://en.numista.com/catalogue/photos/democratic_republic_congo_period/653ab998df0268.72781347-original.jpg,Democratic Republic of the Congo
87158,coinman1,CC BY,https://en.numista.com/catalogue/photos/democratic_republic_congo_period/653ab998e9fc61.94798296-original.jpg,coinman1,CC BY,https://en.numista.com/catalogue/photos/democratic_republic_congo_period/653ab999056a15.06736061-original.jpg,Democratic Republic of the Congo
340092,,CC BY-NC,https://en.numista.com/catalogue/photos/iles_cook/6322ff2ac53a23.50307502-original.jpg,,CC BY-NC,https://en.numista.com/catalogue/photos/iles_cook/6322ff2bb053f9.00211603-original.jpg,Cook Islands
340093,,CC BY-NC,https://en.numista.com/catalogue/photos/iles_cook/63230128d601b3.91946295-original.jpg,,CC BY-NC,https://en.numista.com/catalogue/photos/iles_cook/63230129955f59.04306508-original.jpg,Cook Islands
340189,,CC BY-NC,https://en.numista.com/catalogue/photos/iles_cook/632436e704f202.28329561-original.jpg,,CC BY-NC,https://en.numista.com/catalogue/photos/iles_cook/632436e734e591.11322841-original.jpg,Cook Islands
340190,,CC BY-NC,https://en.numista.com/catalogue/photos/iles_cook/6324376ceb6402.48430564-original.jpg,,CC BY-NC,https://en.numista.com/catalogue/photos/iles_cook/6324376d214fe5.19954232-original.jpg,Cook Islands
340204,,CC BY-NC,https://en.numista.com/catalogue/photos/iles_cook/63246eeee8b572.38349959-original.jpg,,CC BY-NC,https://en.numista.com/catalogue/photos/iles_cook/63246eef37dcd7.56465902-original.jpg,Cook Islands
365218,,CC BY-NC,https://en.numista.com/catalogue/photos/iles_cook/645cf71fc66d27.97210617-original.jpg,,CC BY-NC,https://en.numista.com/catalogue/photos/iles_cook/645cf72087afb6.78680534-original.jpg,Cook Islands
397976,,CC BY-NC,https://en.numista.com/catalogue/photos/iles_cook/65bb92fb2ca787.93108588-original.jpg,,CC BY-NC,https://en.numista.com/catalogue/photos/iles_cook/65bb92fc145991.90661509-original.jpg,Cook Islands
290688,,CC BY-NC,https://en.numista.com/catalogue/photos/iles_cook/65bb92b3087290.09218080-original.jpg,,CC BY-NC,https://en.numista.com/catalogue/photos/iles_cook/65bb92b4604f86.38367073-original.jpg,Cook Islands
290686,,CC BY-NC,https://en.numista.com/catalogue/photos/iles_cook/6091449d69dad8.83634433-original.jpg,,CC BY-NC,https://en.numista.com/catalogue/photos/iles_cook/6091449e438a86.47671798-original.jpg,Cook Islands
340206,,CC BY-NC,https://en.numista.com/catalogue/photos/iles_cook/63246f24e638e3.89129060-original.jpg,,CC BY-NC,https://en.numista.com/catalogue/photos/iles_cook/63246f252e4869.22527204-original.jpg,Cook Islands
290687,,CC BY-NC,https://en.numista.com/catalogue/photos/iles_cook/609145cb777774.56193235-original.jpg,,CC BY-NC,https://en.numista.com/catalogue/photos/iles_cook/609145cbb13478.93973045-original.jpg,Cook Islands
340205,,CC BY-NC,https://en.numista.com/catalogue/photos/iles_cook/63246f067fa218.85995021-original.jpg,,CC BY-NC,https://en.numista.com/catalogue/photos/iles_cook/63246f06be67c5.01834897-original.jpg,Cook Islands
319760,,CC BY-NC,https://en.numista.com/catalogue/photos/iles_cook/6200f983e1b695.64946761-original.jpg,,CC BY-NC,https://en.numista.com/catalogue/photos/iles_cook/6200f9841e8e04.74588195-original.jpg,Cook Islands
319759,,CC BY-NC,https://en.numista.com/catalogue/photos/iles_cook/6200f95df18bc6.51319490-original.jpg,,CC BY-NC,https://en.numista.com/catalogue/photos/iles_cook/6200f95e377061.56168090-original.jpg,Cook Islands
393299,binzaheer,CC BY,https://en.numista.com/catalogue/photos/iles_cook/65918f23896419.69120488-original.jpg,binzaheer,CC BY,https://en.numista.com/catalogue/photos/iles_cook/65918edfd0f7b5.67830285-original.jpg,Cook Islands
337771,,CC BY-NC,https://en.numista.com/catalogue/photos/iles_cook/630624088c87e9.44003999-original.jpg,,CC BY-NC,https://en.numista.com/catalogue/photos/iles_cook/63062408cb1c02.09569965-original.jpg,Cook Islands
74764,,CC BY,https://en.numista.com/catalogue/photos/iles_cook/1295-original.jpg,,CC BY,https://en.numista.com/catalogue/photos/iles_cook/1296-original.jpg,Cook Islands
79583,,CC BY-NC,https://en.numista.com/catalogue/photos/iles_cook/609147d8629df2.03535957-original.jpg,,CC BY-NC,https://en.numista.com/catalogue/photos/iles_cook/609147d89d8148.57722131-original.jpg,Cook Islands
234124,,CC BY-NC,https://en.numista.com/catalogue/photos/iles_cook/5f44f0ec2d4674.27787774-original.jpg,,CC BY-NC,https://en.numista.com/catalogue/photos/iles_cook/5f44f0ec6099e6.88031323-original.jpg,Cook Islands
290692,,CC BY-NC,https://en.numista.com/catalogue/photos/iles_cook/609154deae9e47.94851818-original.jpg,,CC BY-NC,https://en.numista.com/catalogue/photos/iles_cook/609154def25109.68206947-original.jpg,Cook Islands
290691,,CC BY-NC,https://en.numista.com/catalogue/photos/iles_cook/609154bbceee98.78721329-original.jpg,,CC BY-NC,https://en.numista.com/catalogue/photos/iles_cook/609154bc1e37b5.40308223-original.jpg,Cook Islands
290689,,CC BY-NC,https://en.numista.com/catalogue/photos/iles_cook/609154773a1bd8.26870903-original.jpg,,CC BY-NC,https://en.numista.com/catalogue/photos/iles_cook/609154777499f7.00849515-original.jpg,Cook Islands
290690,,CC BY-NC,https://en.numista.com/catalogue/photos/iles_cook/6091549917a5f3.44358435-original.jpg,,CC BY-NC,https://en.numista.com/catalogue/photos/iles_cook/609154994a82d2.95786292-original.jpg,Cook Islands
74742,,CC BY,https://en.numista.com/catalogue/photos/iles_cook/5e6a6b1a5bd293.74134002-original.jpg,,CC BY,https://en.numista.com/catalogue/photos/iles_cook/5e6a6b1a877ca8.52750828-original.jpg,Cook Islands
74763,,CC BY,https://en.numista.com/catalogue/photos/iles_cook/62715008952479.62304340-original.jpg,,CC BY,https://en.numista.com/catalogue/photos/iles_cook/627150090a6819.08220375-original.jpg,Cook Islands
337774,,CC BY-NC,https://en.numista.com/catalogue/photos/iles_cook/630628726eba83.57885083-original.jpg,,CC BY-NC,https://en.numista.com/catalogue/photos/iles_cook/630628729986f6.64376574-original.jpg,Cook Islands
337780,,CC BY-NC,https://en.numista.com/catalogue/photos/iles_cook/63062b9ec9e112.72020188-original.jpg,,CC BY-NC,https://en.numista.com/catalogue/photos/iles_cook/63062b9f091612.86564880-original.jpg,Cook Islands
337776,,CC BY-NC,https://en.numista.com/catalogue/photos/iles_cook/63062a587b66f6.61836193-original.jpg,,CC BY-NC,https://en.numista.com/catalogue/photos/iles_cook/63062a58baf225.30094350-original.jpg,Cook Islands
337782,,CC BY-NC,https://en.numista.com/catalogue/photos/iles_cook/63062c2bc362c2.47188664-original.jpg,,CC BY-NC,https://en.numista.com/catalogue/photos/iles_cook/63062c2c240ff3.42747165-original.jpg,Cook Islands
319758,,CC BY-NC,https://en.numista.com/catalogue/photos/iles_cook/6200f92e3441a1.29142057-original.jpg,,CC BY-NC,https://en.numista.com/catalogue/photos/iles_cook/6200f92e77f245.80080203-original.jpg,Cook Islands
3675,Ben-jamin,CC0,https://en.numista.com/catalogue/photos/iles_cook/5ebc3e0473e018.60049822-original.jpg,Ben-jamin,CC0,https://en.numista.com/catalogue/photos/iles_cook/5ebc3e04c67061.86606708-original.jpg,Cook Islands
340191,,CC BY-NC,https://en.numista.com/catalogue/photos/iles_cook/6324382dacd322.96225710-original.jpg,,CC BY-NC,https://en.numista.com/catalogue/photos/iles_cook/6324382dd7f575.17148400-original.jpg,Cook Islands
171624,,CC BY-NC-SA,https://en.numista.com/catalogue/photos/iles_cook/5e610347761be3.11560083-original.jpg,,CC BY-NC-SA,https://en.numista.com/catalogue/photos/iles_cook/5e610347e4ef57.07953635-original.jpg,Cook Islands
340105,,CC BY-NC,https://en.numista.com/catalogue/photos/iles_cook/6323278c812566.16790339-original.jpg,,CC BY-NC,https://en.numista.com/catalogue/photos/iles_cook/6323278caf9343.11828144-original.jpg,Cook Islands
2491,Ben-jamin,CC0,https://en.numista.com/catalogue/photos/croatie/5f120132328626.48918872-original.jpg,Ben-jamin,CC0,https://en.numista.com/catalogue/photos/croatie/5f120131df0472.07546910-original.jpg,Croatia
1989,Numista,CC BY,https://en.numista.com/catalogue/photos/croatie/58-original.jpg,Numista,CC BY,https://en.numista.com/catalogue/photos/croatie/57-original.jpg,Croatia
1272,Sjoelund,CC BY-NC,https://en.numista.com/catalogue/photos/croatie/106-original.jpg,Sjoelund,CC BY-NC-SA,https://en.numista.com/catalogue/photos/croatie/64522176b0f186.90701333-original.jpg,Croatia
301,Numista,CC BY,https://en.numista.com/catalogue/photos/croatie/793-original.jpg,Numista,CC BY,https://en.numista.com/catalogue/photos/croatie/792-original.jpg,Croatia
2855,tolnomur,CC BY-NC-SA,https://en.numista.com/catalogue/photos/cuba/6010552bc23655.45627601-original.jpg,tolnomur,CC BY-NC-SA,https://en.numista.com/catalogue/photos/cuba/6010552c4c1478.98728160-original.jpg,Cuba
2859,Numista,CC BY,https://en.numista.com/catalogue/photos/cuba/41-original.jpg,Numista,CC BY,https://en.numista.com/catalogue/photos/cuba/42-original.jpg,Cuba
302999,oolong790,CC BY-NC,https://en.numista.com/catalogue/photos/cuba/6606e55f384d74.86287594-original.jpg,oolong790,CC BY-NC,https://en.numista.com/catalogue/photos/cuba/6606e560ab3c79.80267656-original.jpg,Cuba
39334,MesBedes,CC BY-NC-SA,https://en.numista.com/catalogue/photos/cuba/2029-original.jpg,MesBedes,CC BY-NC-SA,https://en.numista.com/catalogue/photos/cuba/2030-original.jpg,Cuba
157249,tolnomur,CC BY-NC-SA,https://en.numista.com/catalogue/photos/cuba/625735cb577a70.16321852-original.jpg,tolnomur,CC BY-NC-SA,https://en.numista.com/catalogue/photos/cuba/625735cbc376a7.34144284-original.jpg,Cuba
1054,ciscoins,CC BY-NC,https://en.numista.com/catalogue/photos/cuba/635ef73cd79273.46530479-original.jpg,ciscoins,CC BY-NC,https://en.numista.com/catalogue/photos/cuba/635ef73d3fda46.87958690-original.jpg,Cuba
1056,ciscoins,CC BY-NC,https://en.numista.com/catalogue/photos/cuba/635ef87377d809.13043541-original.jpg,ciscoins,CC BY-NC,https://en.numista.com/catalogue/photos/cuba/635ef873c2f7e8.09389717-original.jpg,Cuba
2151,Numista,CC BY,https://en.numista.com/catalogue/photos/republique_tcheque/7-original.jpg,Numista,CC BY,https://en.numista.com/catalogue/photos/republique_tcheque/8-original.jpg,Czech Republic
2156,Numista,CC BY,https://en.numista.com/catalogue/photos/republique_tcheque/13-original.jpg,Numista,CC BY,https://en.numista.com/catalogue/photos/republique_tcheque/14-original.jpg,Czech Republic
1417,Ben-jamin,CC0,https://en.numista.com/catalogue/photos/danemark/62d0ae89bef509.72430723-original.jpg,Ben-jamin,CC0,https://en.numista.com/catalogue/photos/danemark/62d0ae8a338006.03960192-original.jpg,Denmark
14561,tolnomur,CC BY-NC-SA,https://en.numista.com/catalogue/photos/danemark/5f4b7a082b7436.27506857-original.jpg,tolnomur,CC BY-NC-SA,https://en.numista.com/catalogue/photos/danemark/5f4b7a08c9e823.67121754-original.jpg,Denmark
1463,Florino28,CC BY-NC-SA,https://en.numista.com/catalogue/photos/danemark/787-original.jpg,Florino28,CC BY-NC-SA,https://en.numista.com/catalogue/photos/danemark/788-original.jpg,Denmark
111079,coinman1,CC BY,https://en.numista.com/catalogue/photos/oeco/6223536b549445.42392542-original.jpg,coinman1,CC BY,https://en.numista.com/catalogue/photos/oeco/622356cd63a832.41852606-original.jpg,Eastern Caribbean States
105700,coinman1,CC BY,https://en.numista.com/catalogue/photos/oeco/6223539a6e79c9.94032220-original.jpg,coinman1,CC BY,https://en.numista.com/catalogue/photos/oeco/622357174cf1b5.17501095-original.jpg,Eastern Caribbean States
78091,coinman1,CC BY,https://en.numista.com/catalogue/photos/oeco/6223741b88dde4.80064537-original.jpg,coinman1,CC BY,https://en.numista.com/catalogue/photos/oeco/6223741bea9191.64760630-original.jpg,Eastern Caribbean States
105703,coinman1,CC BY,https://en.numista.com/catalogue/photos/oeco/622353be360700.28788988-original.jpg,coinman1,CC BY,https://en.numista.com/catalogue/photos/oeco/633c50e9e80962.96425276-original.jpg,Eastern Caribbean States
105699,coinman1,CC BY,https://en.numista.com/catalogue/photos/oeco/633c51bd541a21.43608648-original.jpg,coinman1,CC BY,https://en.numista.com/catalogue/photos/oeco/622359cfb99971.56763555-original.jpg,Eastern Caribbean States
57191,coinman1,CC BY,https://en.numista.com/catalogue/photos/oeco/6224d6f36bb848.99876122-original.jpg,coinman1,CC BY,https://en.numista.com/catalogue/photos/oeco/6224d6f3c00007.66487356-original.jpg,Eastern Caribbean States
108676,coinman1,CC BY,https://en.numista.com/catalogue/photos/oeco/622353faecc220.63612997-original.jpg,coinman1,CC BY,https://en.numista.com/catalogue/photos/oeco/6223546d6068a4.51679992-original.jpg,Eastern Caribbean States
105702,coinman1,CC BY,https://en.numista.com/catalogue/photos/oeco/622354fe8b2eb0.68970290-original.jpg,coinman1,CC BY,https://en.numista.com/catalogue/photos/oeco/622354ff0ca365.12439937-original.jpg,Eastern Caribbean States
105696,coinman1,CC BY,https://en.numista.com/catalogue/photos/oeco/6223559ad08898.93101222-original.jpg,coinman1,CC BY,https://en.numista.com/catalogue/photos/oeco/6223559b25cea4.39049669-original.jpg,Eastern Caribbean States
78093,coinman1,CC BY,https://en.numista.com/catalogue/photos/oeco/62235615ddcc50.70344806-original.jpg,coinman1,CC BY,https://en.numista.com/catalogue/photos/oeco/622356163d2f64.97479699-original.jpg,Eastern Caribbean States
2982,ciscoins.net,CC BY-NC,https://en.numista.com/catalogue/photos/equateur/461-original.jpg,ciscoins.net,CC BY-NC,https://en.numista.com/catalogue/photos/equateur/462-original.jpg,Ecuador
235504,Obayda Habashy,CC BY-NC-SA,https://en.numista.com/catalogue/photos/egypte/5f50e3afb08b94.23463371-original.jpg,Obayda Habashy,CC BY-NC-SA,https://en.numista.com/catalogue/photos/egypte/5f50e3af86ab23.25471960-original.jpg,Egypt
236991,Obayda Habashy,CC BY-NC-SA,https://en.numista.com/catalogue/photos/egypte/5f60a157521eb8.43934604-original.jpg,Obayda Habashy,CC BY-NC-SA,https://en.numista.com/catalogue/photos/egypte/5f60a157233050.80889335-original.jpg,Egypt
3341,E. Timmermans,CC BY-NC-SA,https://en.numista.com/catalogue/photos/swaziland_period/653ac4373201e3.64182931-original.jpg,E. Timmermans,CC BY-NC-SA,https://en.numista.com/catalogue/photos/swaziland_period/653ac4373b7710.27518570-original.jpg,Swaziland
2274,Numista,CC BY,https://en.numista.com/catalogue/photos/swaziland_period/653ac43848b162.79489979-original.jpg,Numista,CC BY,https://en.numista.com/catalogue/photos/swaziland_period/653ac4385189b4.65444781-original.jpg,Swaziland
235793,apuking,CC BY-SA,https://en.numista.com/catalogue/photos/fidji/5f53df91c173c0.31988832-original.jpg,apuking,CC BY-SA,https://en.numista.com/catalogue/photos/fidji/5f53df920768f3.71223979-original.jpg,Fiji
39161,tolnomur,CC BY-NC-SA,https://en.numista.com/catalogue/photos/fidji/5f064601c2e263.69458073-original.jpg,tolnomur,CC BY-NC-SA,https://en.numista.com/catalogue/photos/fidji/5f0646024f57c4.08531507-original.jpg,Fiji
393943,horatiom,CC BY-NC-SA,https://en.numista.com/catalogue/photos/fidji/659841ddd236d1.97943068-original.jpg,horatiom,CC BY-NC-SA,https://en.numista.com/catalogue/photos/fidji/659841de634669.59887239-original.jpg,Fiji
89,Mike Bentley,CC BY-NC,https://en.numista.com/catalogue/photos/finlande/626ea7867ebb54.54352511-original.jpg,Mike Bentley,CC BY-NC,https://en.numista.com/catalogue/photos/finlande/626ea7876759c2.79481988-original.jpg,Finland
90,Mike Bentley,CC BY-NC,https://en.numista.com/catalogue/photos/finlande/62089d380cd392.28840760-original.jpg,Mike Bentley,CC BY-NC,https://en.numista.com/catalogue/photos/finlande/62089d38e302e4.08092923-original.jpg,Finland
91,Mike Bentley,CC BY-NC,https://en.numista.com/catalogue/photos/finlande/61fde2813256f5.16847117-original.jpg,Mike Bentley,CC BY-NC,https://en.numista.com/catalogue/photos/finlande/61fde2821ebd14.28849922-original.jpg,Finland
96,Mike Bentley,CC BY-NC,https://en.numista.com/catalogue/photos/finlande/612b605eabdad0.97648242-original.jpg,Mike Bentley,CC BY-NC,https://en.numista.com/catalogue/photos/finlande/612b605f5b9539.75971023-original.jpg,Finland
97,Florino28,CC BY-NC-SA,https://en.numista.com/catalogue/photos/france/3926-original.jpg,Florino28,CC BY-NC-SA,https://en.numista.com/catalogue/photos/france/3928-original.jpg,France
98,Florino28,CC BY-NC-SA,https://en.numista.com/catalogue/photos/france/3929-original.jpg,Florino28,CC BY-NC-SA,https://en.numista.com/catalogue/photos/france/3930-original.jpg,France
99,Mike Bentley,CC BY-NC,https://en.numista.com/catalogue/photos/france/61fde3008fb875.29810810-original.jpg,Mike Bentley,CC BY-NC,https://en.numista.com/catalogue/photos/france/61fde301a02a94.57833549-original.jpg,France
100,Mike Bentley,CC BY-NC,https://en.numista.com/catalogue/photos/france/6289eb6f1395f8.91533745-original.jpg,Mike Bentley,CC BY-NC,https://en.numista.com/catalogue/photos/france/6289eb6fa421c1.11082254-original.jpg,France
101,Mike Bentley,CC BY-NC,https://en.numista.com/catalogue/photos/france/627a57b6432958.11758022-original.jpg,Mike Bentley,CC BY-NC,https://en.numista.com/catalogue/photos/france/627a57b761ff10.55042719-original.jpg,France
19286,Polette,CC BY-NC-SA,https://en.numista.com/catalogue/photos/france/62d44b60e3f782.34856909-original.jpg,Polette,CC BY-NC-SA,https://en.numista.com/catalogue/photos/france/62d44b6192dc78.55328371-original.jpg,France
102,Mike Bentley,CC BY-NC,https://en.numista.com/catalogue/photos/france/605d71235d4968.02432449-original.jpg,Mike Bentley,CC BY-NC,https://en.numista.com/catalogue/photos/france/605d7123e494b1.61599945-original.jpg,France
103,Mike Bentley,CC BY-NC,https://en.numista.com/catalogue/photos/france/6054bc1c8530b4.22452556-original.jpg,Mike Bentley,CC BY-NC,https://en.numista.com/catalogue/photos/france/6054bc1d27e2f5.09972518-original.jpg,France
104,Mike Bentley,CC BY-NC,https://en.numista.com/catalogue/photos/france/612b60f308b778.39080981-original.jpg,Mike Bentley,CC BY-NC,https://en.numista.com/catalogue/photos/france/612b60f3b51139.67693305-original.jpg,France
1350,tolnomur,CC BY-NC-SA,https://en.numista.com/catalogue/photos/french_polynesia_period/6543c6a329f2b6.16676597-original.jpg,tolnomur,CC BY-NC-SA,https://en.numista.com/catalogue/photos/french_polynesia_period/6543c6a32ec788.97736344-original.jpg,French Polynesia
1364,tolnomur,CC BY-NC-SA,https://en.numista.com/catalogue/photos/french_polynesia_period/6543c6a3777111.59565478-original.jpg,tolnomur,CC BY-NC-SA,https://en.numista.com/catalogue/photos/french_polynesia_period/6543c6a391cc94.60745057-original.jpg,French Polynesia
105,Florino28,CC BY-NC-SA,https://en.numista.com/catalogue/photos/allemagne/1383-original.jpg,Florino28,CC BY-NC-SA,https://en.numista.com/catalogue/photos/allemagne/1384-original.jpg,Germany
106,Mike Bentley,CC BY-NC,https://en.numista.com/catalogue/photos/allemagne/61fcbada841871.31395888-original.jpg,Mike Bentley,CC BY-NC,https://en.numista.com/catalogue/photos/allemagne/61fcbadb755495.73524562-original.jpg,Germany
107,Mike Bentley,CC BY-NC,https://en.numista.com/catalogue/photos/allemagne/61fde61bf27925.91167153-original.jpg,Mike Bentley,CC BY-NC,https://en.numista.com/catalogue/photos/allemagne/61fde61ce40330.51779213-original.jpg,Germany
110,Mike Bentley,CC BY-NC,https://en.numista.com/catalogue/photos/allemagne/605d7236201ae1.85728717-original.jpg,Mike Bentley,CC BY-NC,https://en.numista.com/catalogue/photos/allemagne/605d7236a09ca5.75059996-original.jpg,Germany
111,Mike Bentley,CC BY-NC,https://en.numista.com/catalogue/photos/allemagne/6054bcd77f1443.20499529-original.jpg,Mike Bentley,CC BY-NC,https://en.numista.com/catalogue/photos/allemagne/6054bcd81101a4.32318974-original.jpg,Germany
112,Mike Bentley,CC BY-NC,https://en.numista.com/catalogue/photos/allemagne/612b6447da2bc1.07605281-original.jpg,Mike Bentley,CC BY-NC,https://en.numista.com/catalogue/photos/allemagne/612b6448a14a89.67931520-original.jpg,Germany
12766,tolnomur,CC BY-NC-SA,https://en.numista.com/catalogue/photos/allemagne/65971a2a5fa159.67288364-original.jpg,tolnomur,CC BY-NC-SA,https://en.numista.com/catalogue/photos/allemagne/65971a2bc79449.88410307-original.jpg,Germany
12763,tolnomur,CC BY-NC-SA,https://en.numista.com/catalogue/photos/allemagne/65971aa847fdc8.55430118-original.jpg,tolnomur,CC BY-NC-SA,https://en.numista.com/catalogue/photos/allemagne/65971aa917b9d0.56875479-original.jpg,Germany
113,Mike Bentley,CC BY-NC,https://en.numista.com/catalogue/photos/grece/61f90d68c77f68.89536303-original.jpg,Mike Bentley,CC BY-NC,https://en.numista.com/catalogue/photos/grece/61f90d696bc7d5.25158717-original.jpg,Greece
114,Mike Bentley,CC BY-NC,https://en.numista.com/catalogue/photos/grece/61fcbb8b8a9cc2.61198155-original.jpg,Mike Bentley,CC BY-NC,https://en.numista.com/catalogue/photos/grece/61fcbb8c8022a0.30559053-original.jpg,Greece
115,Mike Bentley,CC BY-NC,https://en.numista.com/catalogue/photos/grece/626ea6cd5db9f1.93867710-original.jpg,Mike Bentley,CC BY-NC,https://en.numista.com/catalogue/photos/grece/626ea6ce7ef417.14891651-original.jpg,Greece
118,Mike Bentley,CC BY-NC,https://en.numista.com/catalogue/photos/grece/605d7310dfec66.91115567-original.jpg,Mike Bentley,CC BY-NC,https://en.numista.com/catalogue/photos/grece/605d731176ff38.14105518-original.jpg,Greece
119,Mike Bentley,CC BY-NC,https://en.numista.com/catalogue/photos/grece/6054bd3b76f920.23169445-original.jpg,Mike Bentley,CC BY-NC,https://en.numista.com/catalogue/photos/grece/6054bd3c16c951.49614513-original.jpg,Greece
120,brismike,CC BY-NC,https://en.numista.com/catalogue/photos/grece/63c2ce3a511623.46526105-original.jpg,brismike,CC BY-NC,https://en.numista.com/catalogue/photos/grece/63c2ce3b8069f8.14431010-original.jpg,Greece
7503,gyoschak,CC BY-NC-SA,https://en.numista.com/catalogue/photos/haiti/650b506f6acbb6.70569917-original.jpg,gyoschak,CC BY-NC-SA,https://en.numista.com/catalogue/photos/haiti/650b506febcd90.38418643-original.jpg,Haiti
8490,Numista,CC BY,https://en.numista.com/catalogue/photos/honduras/109-original.jpg,Numista,CC BY,https://en.numista.com/catalogue/photos/honduras/110-original.jpg,Honduras
1999,Máté Bikfalvi,CC0,https://en.numista.com/catalogue/photos/hongrie/62f510c08dea30.59817476-original.jpg,Máté Bikfalvi,CC0,https://en.numista.com/catalogue/photos/hongrie/62f510c10688a0.62504234-original.jpg,Hungary
812,Máté Bikfalvi,CC0,https://en.numista.com/catalogue/photos/hongrie/62f5126b8d5e40.82585687-original.jpg,Máté Bikfalvi,CC0,https://en.numista.com/catalogue/photos/hongrie/62f5126c0e20e4.23392380-original.jpg,Hungary
1998,Máté Bikfalvi,CC0,https://en.numista.com/catalogue/photos/hongrie/62dbe423c20a76.19689970-original.jpg,Máté Bikfalvi,CC0,https://en.numista.com/catalogue/photos/hongrie/62dbe4246e4d26.71759969-original.jpg,Hungary
810,Máté Bikfalvi,CC0,https://en.numista.com/catalogue/photos/hongrie/62dbe442b755e8.17856185-original.jpg,Máté Bikfalvi,CC0,https://en.numista.com/catalogue/photos/hongrie/62dbe4438e1044.74540819-original.jpg,Hungary
809,Máté Bikfalvi,CC0,https://en.numista.com/catalogue/photos/hongrie/62dbe45bc91086.79680719-original.jpg,Máté Bikfalvi,CC0,https://en.numista.com/catalogue/photos/hongrie/62dbe45cc808b6.00763386-original.jpg,Hungary
808,Máté Bikfalvi,CC0,https://en.numista.com/catalogue/photos/hongrie/62dbe47370c0d4.75871323-original.jpg,Máté Bikfalvi,CC0,https://en.numista.com/catalogue/photos/hongrie/62dbe4748bd957.20313416-original.jpg,Hungary
807,Máté Bikfalvi,CC0,https://en.numista.com/catalogue/photos/hongrie/62dbea00209192.50505770-original.jpg,Máté Bikfalvi,CC0,https://en.numista.com/catalogue/photos/hongrie/62dbea00eb1708.95614119-original.jpg,Hungary
1549,Numista,CC BY,https://en.numista.com/catalogue/photos/islande/23-original.jpg,Numista,CC BY,https://en.numista.com/catalogue/photos/islande/24-original.jpg,Iceland
39307,Ponpandi Perumal,CC BY,https://en.numista.com/catalogue/photos/inde/62a9ddeb17d7d1.12864044-original.jpg,Ponpandi Perumal,CC BY,https://en.numista.com/catalogue/photos/inde/62a9ddebb42ff2.66800022-original.jpg,India
5928,tolnomur,CC BY-NC-SA,https://en.numista.com/catalogue/photos/indonesie/626e4c60b19488.46893742-original.jpg,tolnomur,CC BY-NC-SA,https://en.numista.com/catalogue/photos/indonesie/626e4c616c2b34.67786066-original.jpg,Indonesia
1678,Numista,CC BY,https://en.numista.com/catalogue/photos/indonesie/5-original.jpg,Numista,CC BY,https://en.numista.com/catalogue/photos/indonesie/6-original.jpg,Indonesia
1694,Numista,CC BY,https://en.numista.com/catalogue/photos/iran/20-original.jpg,Numista,CC BY,https://en.numista.com/catalogue/photos/iran/19-original.jpg,Iran
1689,Numista,CC BY,https://en.numista.com/catalogue/photos/iran/10-original.jpg,Numista,CC BY,https://en.numista.com/catalogue/photos/iran/9-original.jpg,Iran
63494,سامعی,CC BY-NC,https://en.numista.com/catalogue/photos/iran/1725-original.jpg,سامعی,CC BY-NC,https://en.numista.com/catalogue/photos/iran/1724-original.jpg,Iran
52130,سامعی,CC BY-NC,https://en.numista.com/catalogue/photos/iran/1602-original.jpg,سامعی,CC BY-NC,https://en.numista.com/catalogue/photos/iran/1601-original.jpg,Iran
61514,سامعی,CC BY-NC,https://en.numista.com/catalogue/photos/iran/1682-original.jpg,سامعی,CC BY-NC,https://en.numista.com/catalogue/photos/iran/1681-original.jpg,Iran
13599,brismike,CC BY-NC,https://en.numista.com/catalogue/photos/irlande/63a0518fc15ea3.67087313-original.jpg,brismike,CC BY-NC,https://en.numista.com/catalogue/photos/irlande/63a0519120ac50.40262820-original.jpg,Ireland
1716,Ben-jamin,CC0,https://en.numista.com/catalogue/photos/israel/600a0fac1e9356.78384257-original.jpg,Ben-jamin,CC0,https://en.numista.com/catalogue/photos/israel/600a0facbf55f2.07287390-original.jpg,Israel
7080,Ben-jamin,CC0,https://en.numista.com/catalogue/photos/israel/60ba86f280aa11.33940476-original.jpg,Ben-jamin,CC0,https://en.numista.com/catalogue/photos/israel/60ba86f2e2a6e3.55381338-original.jpg,Israel
1715,Numista,CC BY,https://en.numista.com/catalogue/photos/israel/24-original.jpg,Numista,CC BY,https://en.numista.com/catalogue/photos/israel/25-original.jpg,Israel
7081,Ben-jamin,CC0,https://en.numista.com/catalogue/photos/israel/60ba895c443848.71698916-original.jpg,Ben-jamin,CC0,https://en.numista.com/catalogue/photos/israel/60ba895ca59530.43905147-original.jpg,Israel
7079,Ben-jamin,CC0,https://en.numista.com/catalogue/photos/israel/60ba9cce55fcc0.18293302-original.jpg,Ben-jamin,CC0,https://en.numista.com/catalogue/photos/israel/60ba9cceae8059.64553314-original.jpg,Israel
7078,Numista,CC BY,https://en.numista.com/catalogue/photos/israel/174-original.jpg,Numista,CC BY,https://en.numista.com/catalogue/photos/israel/175-original.jpg,Israel
16519,aslankz,CC BY-NC,https://en.numista.com/catalogue/photos/israel/62cac2d96cf145.86261957-original.jpg,aslankz,CC BY-NC,https://en.numista.com/catalogue/photos/israel/62cac2d9b27064.96242443-original.jpg,Israel
129,Mike Bentley,CC BY-NC,https://en.numista.com/catalogue/photos/italie/61fccce824b820.92416870-original.jpg,Mike Bentley,CC BY-NC,https://en.numista.com/catalogue/photos/italie/61fccce8c39305.18290716-original.jpg,Italy
130,Mike Bentley,CC BY-NC,https://en.numista.com/catalogue/photos/italie/61fcbc10464c46.63380955-original.jpg,Mike Bentley,CC BY-NC,https://en.numista.com/catalogue/photos/italie/61fcbc112e09c2.46458903-original.jpg,Italy
131,Mike Bentley,CC BY-NC,https://en.numista.com/catalogue/photos/italie/61ff724b0bc689.51779243-original.jpg,Mike Bentley,CC BY-NC,https://en.numista.com/catalogue/photos/italie/61ff724c3a0db7.02698926-original.jpg,Italy
2676,Rafael Pinheiro Aquino,CC BY-SA,https://en.numista.com/catalogue/photos/japon/5f83c3f71295f5.62993184-original.jpg,Rafael Pinheiro Aquino,CC BY-SA,https://en.numista.com/catalogue/photos/japon/5f83c3f6692c19.44022140-original.jpg,Japan
2120,Ben-jamin,CC0,https://en.numista.com/catalogue/photos/japon/630eafeaa49390.25776867-original.jpg,Ben-jamin,CC0,https://en.numista.com/catalogue/photos/japon/630eafeb0b8a40.65883750-original.jpg,Japan
2122,Numista,CC BY,https://en.numista.com/catalogue/photos/japon/29-original.jpg,Numista,CC BY,https://en.numista.com/catalogue/photos/japon/28-original.jpg,Japan
83887,MesBedes,CC BY-NC-SA,https://en.numista.com/catalogue/photos/japon/2170-original.jpg,MesBedes,CC BY-NC-SA,https://en.numista.com/catalogue/photos/japon/2171-original.jpg,Japan
85811,Idolenz,CC BY-NC,https://en.numista.com/catalogue/photos/japon/1977-original.jpg,Idolenz,CC BY-NC,https://en.numista.com/catalogue/photos/japon/1978-original.jpg,Japan
4498,aslankz,CC BY-NC,https://en.numista.com/catalogue/photos/kazakhstan/63811077181034.40888723-original.jpg,aslankz,CC BY-NC,https://en.numista.com/catalogue/photos/kazakhstan/63811077635e68.25841009-original.jpg,Kazakhstan
4497,Frenchlover,CC0,https://en.numista.com/catalogue/photos/kazakhstan/624ffb6a8bff14.19779452-original.jpg,Frenchlover,CC0,https://en.numista.com/catalogue/photos/kazakhstan/624ffb6bd60010.57918994-original.jpg,Kazakhstan
4496,aslankz,CC BY-NC,https://en.numista.com/catalogue/photos/kazakhstan/62d19ae4cdf366.29535515-original.jpg,aslankz,CC BY-NC,https://en.numista.com/catalogue/photos/kazakhstan/62d19ae541b215.90819113-original.jpg,Kazakhstan
4495,aslankz,CC BY-NC,https://en.numista.com/catalogue/photos/kazakhstan/62d19b0cb8c149.05331591-original.jpg,aslankz,CC BY-NC,https://en.numista.com/catalogue/photos/kazakhstan/62d19b0d3bb7b8.06935610-original.jpg,Kazakhstan
140550,Mike T,CC0,https://en.numista.com/catalogue/photos/laos/313-original.jpg,Mike T,CC0,https://en.numista.com/catalogue/photos/laos/314-original.jpg,Laos
169216,Vira Salikoun,CC0,https://en.numista.com/catalogue/photos/laos/510-original.jpg,Vira Salikoun,CC0,https://en.numista.com/catalogue/photos/laos/511-original.jpg,Laos
140547,Vira,CC0,https://en.numista.com/catalogue/photos/laos/5f8aa0529673f9.66312459-original.jpg,Vira,CC0,https://en.numista.com/catalogue/photos/laos/5f8aa0672b8726.13454213-original.jpg,Laos
51639,tolnomur,CC BY-NC-SA,https://en.numista.com/catalogue/photos/lettonie/5eff6c86070290.36659605-original.jpg,tolnomur,CC BY-NC-SA,https://en.numista.com/catalogue/photos/lettonie/5eff6c86c56cc1.48704742-original.jpg,Latvia
6469,Dario Silva Collection,CC BY-NC,https://en.numista.com/catalogue/photos/lettonie/700-original.jpg,Dario Silva Collection,CC BY-NC,https://en.numista.com/catalogue/photos/lettonie/701-original.jpg,Latvia
8329,gyoschak,CC BY-NC-SA,https://en.numista.com/catalogue/photos/liban/62f06c790645f0.37171708-original.jpg,gyoschak,CC BY-NC-SA,https://en.numista.com/catalogue/photos/liban/62f06c793f3c11.37064231-original.jpg,Lebanon
3199,Ben-jamin,CC0,https://en.numista.com/catalogue/photos/liban/5f8872e0e881f6.99780849-original.jpg,Ben-jamin,CC0,https://en.numista.com/catalogue/photos/liban/5f8872e1439db4.82574006-original.jpg,Lebanon
335380,Jlhare,CC BY-NC-SA,https://en.numista.com/catalogue/photos/liberia/62e776445e04b4.48835387-original.jpg,Jlhare,CC BY-NC-SA,https://en.numista.com/catalogue/photos/liberia/62e7764498b0b7.63340089-original.jpg,Liberia
174102,adi sag,CC BY-NC-SA,https://en.numista.com/catalogue/photos/liberia/2832-original.jpg,adi sag,CC BY-NC-SA,https://en.numista.com/catalogue/photos/liberia/2831-original.jpg,Liberia
59324,ArsenEverlast,CC0,https://en.numista.com/catalogue/photos/liberia/63d8db8e2e4549.13771947-original.jpg,ArsenEverlast,CC0,https://en.numista.com/catalogue/photos/liberia/63d8db8e9c51a0.65655940-original.jpg,Liberia
180599,al-Bakuvi,CC BY-NC,https://en.numista.com/catalogue/photos/liberia/2884-original.jpg,al-Bakuvi,CC BY-NC,https://en.numista.com/catalogue/photos/liberia/2885-original.jpg,Liberia
55640,,CC BY,https://en.numista.com/catalogue/photos/liberia/1346-original.jpg,,CC BY,https://en.numista.com/catalogue/photos/liberia/1347-original.jpg,Liberia
33203,Michael Moore,CC BY,https://en.numista.com/catalogue/photos/liberia/627e59070510f8.60341907-original.jpg,Michael Moore,CC BY,https://en.numista.com/catalogue/photos/liberia/627e59076edc44.71596842-original.jpg,Liberia
398370,mickfinn,CC BY-NC,https://en.numista.com/catalogue/photos/liberia/65bf0c4b5a8621.79895204-original.jpg,mickfinn,CC BY-NC,https://en.numista.com/catalogue/photos/liberia/65bf0c4d6e26d0.21120722-original.jpg,Liberia
238561,thomasha,CC0,https://en.numista.com/catalogue/photos/liberia/5f70ac2ca79d58.33006459-original.jpg,thomasha,CC0,https://en.numista.com/catalogue/photos/liberia/5f70ac2d8e5c23.32884295-original.jpg,Liberia
238564,thomasha,CC0,https://en.numista.com/catalogue/photos/liberia/5f70addf2fe763.72090128-original.jpg,thomasha,CC0,https://en.numista.com/catalogue/photos/liberia/5f70ade005a753.26051008-original.jpg,Liberia
238562,thomasha,CC0,https://en.numista.com/catalogue/photos/liberia/5f70aceecd6713.14603274-original.jpg,thomasha,CC0,https://en.numista.com/catalogue/photos/liberia/5f70acefa082d1.70850635-original.jpg,Liberia
69897,apuking,CC BY-SA,https://en.numista.com/catalogue/photos/liberia/63f613c8161d20.42017787-original.jpg,apuking,CC BY-SA,https://en.numista.com/catalogue/photos/liberia/63f613c95ad4f2.19028670-original.jpg,Liberia
3985,Ben-jamin,CC0,https://en.numista.com/catalogue/photos/lituanie/62a542d2955ba3.95749115-original.jpg,Ben-jamin,CC0,https://en.numista.com/catalogue/photos/lituanie/62a542d36307c3.53721842-original.jpg,Lithuania
3988,Dario Silva Collection,CC BY-NC,https://en.numista.com/catalogue/photos/lituanie/577-original.jpg,Dario Silva Collection,CC BY-NC,https://en.numista.com/catalogue/photos/lituanie/578-original.jpg,Lithuania
3989,Dario Silva Collection,CC BY-NC,https://en.numista.com/catalogue/photos/lituanie/579-original.jpg,Dario Silva Collection,CC BY-NC,https://en.numista.com/catalogue/photos/lituanie/580-original.jpg,Lithuania
137,Mike Bentley,CC BY-NC,https://en.numista.com/catalogue/photos/luxembourg/61fcd02c2b3328.28896904-original.jpg,Mike Bentley,CC BY-NC,https://en.numista.com/catalogue/photos/luxembourg/61fcd02d00ce32.31683315-original.jpg,Luxembourg
138,Mike Bentley,CC BY-NC,https://en.numista.com/catalogue/photos/luxembourg/61fccf62c6bfd9.37525069-original.jpg,Mike Bentley,CC BY-NC,https://en.numista.com/catalogue/photos/luxembourg/61fccf639e9ea0.20174194-original.jpg,Luxembourg
139,Mike Bentley,CC BY-NC,https://en.numista.com/catalogue/photos/luxembourg/61fe0eebf20bd5.81872756-original.jpg,Mike Bentley,CC BY-NC,https://en.numista.com/catalogue/photos/luxembourg/61fe0eecddda17.09298112-original.jpg,Luxembourg
142,Mike Bentley,CC BY-NC,https://en.numista.com/catalogue/photos/luxembourg/605d758ec95274.60052811-original.jpg,Mike Bentley,CC BY-NC,https://en.numista.com/catalogue/photos/luxembourg/605d758f66d6c1.11417398-original.jpg,Luxembourg
143,Mike Bentley,CC BY-NC,https://en.numista.com/catalogue/photos/luxembourg/6054bde0bc2820.68314091-original.jpg,Mike Bentley,CC BY-NC,https://en.numista.com/catalogue/photos/luxembourg/6054bde15b06b3.00151328-original.jpg,Luxembourg
144,Mike Bentley,CC BY-NC,https://en.numista.com/catalogue/photos/luxembourg/612b677f754c16.09008264-original.jpg,Mike Bentley,CC BY-NC,https://en.numista.com/catalogue/photos/luxembourg/612b67803f6c06.80626489-original.jpg,Luxembourg
15588,tolnomur,CC BY-NC-SA,https://en.numista.com/catalogue/photos/malawi/5f4f6476e22c28.78438998-original.jpg,tolnomur,CC BY-NC-SA,https://en.numista.com/catalogue/photos/malawi/5f4f647741ac92.78889903-original.jpg,Malawi
5037,Julio Vega,CC BY-NC-SA,https://en.numista.com/catalogue/photos/malawi/6580f18f49c339.79822318-original.jpg,Julio Vega,CC BY-NC-SA,https://en.numista.com/catalogue/photos/malawi/6580f190b66c04.82471174-original.jpg,Malawi
1656,Numista,CC BY,https://en.numista.com/catalogue/photos/malaisie/8-original.jpg,Numista,CC BY,https://en.numista.com/catalogue/photos/malaisie/7-original.jpg,Malaysia
1658,Numista,CC BY,https://en.numista.com/catalogue/photos/malaisie/14-original.jpg,Numista,CC BY,https://en.numista.com/catalogue/photos/malaisie/13-original.jpg,Malaysia
12722,tolnomur,CC BY-NC-SA,https://en.numista.com/catalogue/photos/malaisie/5f4fb372c2aab4.97591289-original.jpg,tolnomur,CC BY-NC-SA,https://en.numista.com/catalogue/photos/malaisie/5f4fb371e1a576.69468666-original.jpg,Malaysia
12724,tolnomur,CC BY-NC-SA,https://en.numista.com/catalogue/photos/malaisie/5f4fbae58c9d74.58689145-original.jpg,tolnomur,CC BY-NC-SA,https://en.numista.com/catalogue/photos/malaisie/5f4fbae4d22f48.48565650-original.jpg,Malaysia
12731,tolnomur,CC BY-NC-SA,https://en.numista.com/catalogue/photos/malaisie/5f4fbecb8c91b3.52426127-original.jpg,tolnomur,CC BY-NC-SA,https://en.numista.com/catalogue/photos/malaisie/5f4fbecae82de4.43809879-original.jpg,Malaysia
12730,tolnomur,CC BY-NC-SA,https://en.numista.com/catalogue/photos/malaisie/5f4fe9c91aeaf8.15314430-original.jpg,tolnomur,CC BY-NC-SA,https://en.numista.com/catalogue/photos/malaisie/5f4fe9c871d9a0.41506971-original.jpg,Malaysia
12729,tolnomur,CC BY-NC-SA,https://en.numista.com/catalogue/photos/malaisie/5f50076d47b707.03789442-original.jpg,tolnomur,CC BY-NC-SA,https://en.numista.com/catalogue/photos/malaisie/5f50076c98bfc0.38526676-original.jpg,Malaysia
12733,tolnomur,CC BY-NC-SA,https://en.numista.com/catalogue/photos/malaisie/5f500abcd69488.64078715-original.jpg,tolnomur,CC BY-NC-SA,https://en.numista.com/catalogue/photos/malaisie/5f500abc3b4786.17089811-original.jpg,Malaysia
12734,tolnomur,CC BY-NC-SA,https://en.numista.com/catalogue/photos/malaisie/5f500b047745d9.57945566-original.jpg,tolnomur,CC BY-NC-SA,https://en.numista.com/catalogue/photos/malaisie/5f500b03d15267.30180183-original.jpg,Malaysia
12736,tolnomur,CC BY-NC-SA,https://en.numista.com/catalogue/photos/malaisie/5f500bfc5dc7a2.88275564-original.jpg,tolnomur,CC BY-NC-SA,https://en.numista.com/catalogue/photos/malaisie/5f500bfbae4e44.36181381-original.jpg,Malaysia
1655,Numista,CC BY,https://en.numista.com/catalogue/photos/malaisie/6-original.jpg,Numista,CC BY,https://en.numista.com/catalogue/photos/malaisie/5-original.jpg,Malaysia
14202,tolnomur,CC BY-NC-SA,https://en.numista.com/catalogue/photos/malaisie/5eff7cc0a5f0b5.37647239-original.jpg,tolnomur,CC BY-NC-SA,https://en.numista.com/catalogue/photos/malaisie/5eff7cc02280f4.18939925-original.jpg,Malaysia
14200,tolnomur,CC BY-NC-SA,https://en.numista.com/catalogue/photos/malaisie/5eff7db142e4f9.46626026-original.jpg,tolnomur,CC BY-NC-SA,https://en.numista.com/catalogue/photos/malaisie/5eff7db0b4b328.76542024-original.jpg,Malaysia
13855,Numismatica Quetzalcoatl,CC BY,https://en.numista.com/catalogue/photos/mexique/63c103aea16356.88371709-original.jpg,Numismatica Quetzalcoatl,CC BY,https://en.numista.com/catalogue/photos/mexique/63c103af0c7b95.78573787-original.jpg,Mexico
581,montana2011,CC BY-NC-SA,https://en.numista.com/catalogue/photos/mexique/2908-original.jpg,montana2011,CC BY-NC-SA,https://en.numista.com/catalogue/photos/mexique/2909-original.jpg,Mexico
585,Numismatica Quetzalcoatl (Gabriel Herrera),CC BY,https://en.numista.com/catalogue/photos/mexique/630087006e8ab0.16467625-original.jpg,Numismatica Quetzalcoatl (Gabriel Herrera),CC BY,https://en.numista.com/catalogue/photos/mexique/63008700a52792.73333283-original.jpg,Mexico
587,Numismatica Quetzalcoatl (Gabriel Herrera),CC BY,https://en.numista.com/catalogue/photos/mexique/6300876642c986.98360504-original.jpg,Numismatica Quetzalcoatl (Gabriel Herrera),CC BY,https://en.numista.com/catalogue/photos/mexique/6300876686b293.76761093-original.jpg,Mexico
589,Numismatica Quetzalcoatl (Gabriel Herrera),CC BY,https://en.numista.com/catalogue/photos/mexique/62f7e905ca9b56.67446950-original.jpg,Numismatica Quetzalcoatl (Gabriel Herrera),CC BY,https://en.numista.com/catalogue/photos/mexique/62f7e90619b930.03249592-original.jpg,Mexico